{
  "classes": ["Ravenclaw",
        "Slytherin",
        "Gryffindor",
        "Hufflepuff"],
  "weights": [
    [
            0.0005131144194634532,
            -0.0006220421355666654,
            0.001837285592684999,
            0.003100639618561461
        ],
        [
            0.11759734187276384,
            -0.01779673240509333,
            -0.042648453218616385,
            0.19075971611367593
        ],
        [
            0.20169788772651936,
            0.12044516849133398,
            0.07801313385060611,
            0.004060959260743469
        ],
        [
            0.11142436582819171,
            -0.18958400048029478,
            0.4061408060660764,
            0.1855858597364511
        ],
        [
            0.003479901729868387,
            0.00034188232431788104,
            0.0010816675298014834,
            -4.666975717871588e-05
        ],
        [
            0.011098408121417897,
            0.001345803595747373,
            0.01396091504939024,
            0.0006638314693760902
        ],
        [
            0.11515327164745155,
            0.10696528366440088,
            0.009339764852782666,
            0.2995385544015526
        ],
        [
            0.004532345629887714,
            0.022552275668955672,
            -0.008314229568623379,
            0.016101602221580105
        ],
        [
            0.11827766556816831,
            0.4093602083640859,
            0.19817945445842183,
            -0.00297369870850722
        ],
        [
            0.0909649488292297,
            0.05229163379669512,
            0.061189992999240356,
            0.060561359620354284
        ],
        [
            0.0008008280129668436,
            0.0055970003428364775,
            0.00860521735009273,
            0.003911829211380928
        ]
  ],

  "biases":     [
            12.431981998065499,
            -13.531245305214041,
            14.25149041315131,
            -3.19784144037628
        ],
  "column_names": ["Astronomy", 
       "Herbology", 
       "Defense Against the Dark Arts", 
       "Divination", 
       "Muggle Studies",
       "Ancient Runes", 
       "History of Magic", 
       "Transfiguration", 
       "Potions",
       "Charms", "Flying"]
	   
}